"ID","SILAC014","SILAC015","SILAC016","SILAC019","FC","Uniprot"
"SUN2-S12","1.34725716131727",NA,"1.28621425101044",NA,1.31673570616385,"SUN2"
"AHNK-S135","2.23395535401226","3.7292401007021","1.89230682186701","3.02158278166161",2.71927126456074,"AHNK"
"VDAC2-S115","0.374566058751721","0.404509584794422","0.232002535881083","0.222113957677294",0.30829803427613,"VDAC2"
"NOS3-S1179","1.11294536693687",NA,"0.995968510360133",NA,1.0544569386485,"NOS3"
"MELT-S449","0.515921907997262",NA,"0.533043169404774","1.23611247074709",0.761692516049709,"MELT"
"MENTO-S193","1.69680843205028","0.968371169737201","0.517975223268088","0.0955005576444947",0.819663845675016,"MENTO"
"K1C18-T65","-0.605146927103293",NA,NA,NA,-0.605146927103293,"K1C18"
"AHNK-S216","-0.154428012112092","-0.469604037497334","-0.488482753801524","-0.645754361512682",-0.439567291230908,"AHNK"
"EPHA2-S901","-1.14585618977472","-0.278107787683371","0.0187582714246353",NA,-0.468401902011152,"EPHA2"
"NOS3-T1175","0.616359725953057",NA,NA,NA,0.616359725953057,"NOS3"
"ITPR3-S2670","0.754406853794245","0.712920007811965","1.37802676550963",NA,0.948451209038613,"ITPR3"
"P4K2A-S462","1.73678685958712","0.832178128798766","0.439989697308481","0.191143228781498",0.800024478618966,"P4K2A"
"MK03-Y204","1.52462501854917",NA,NA,NA,1.52462501854917,"MK03"
"TLN1-S425","0.293182681535588",NA,NA,NA,0.293182681535588,"TLN1"
"PDLI4-S112","-0.40209316842837","-0.856389203373578",NA,"-1.02669509420431",-0.761725822002086,"PDLI4"
"PKN2-S583","0.562328169505075",NA,NA,"0.698403414271727",0.630365791888401,"PKN2"
"HSPB1-S82","0.848123968965453","0.91829907221437",NA,"1.12940685379424",0.965276631658021,"HSPB1"
"FLNA-S2152","0.632186054504449","0.949466013793117","1.2408181021214","0.862139007368233",0.9211522944468,"FLNA"
"STMN1-S25","1.70121500076051",NA,NA,"1.57610069960416",1.63865785018234,"STMN1"
"MK01-Y187","1.37888139723765","0.197209392884894","0.603214229839585","1.36439806131447",0.885925770319151,"MK01"
"AHNK-S5448","0.835414367950372","0.83155029553591","0.61315553943372","0.471240688493241",0.687840222853311,"AHNK"
"MK14-Y182","0.892664623532047","-0.407043821858589","0.273021674556327",NA,0.252880825409928,"MK14"
"BNIP2-S114","0.373780063068488","1.079158666781","0.447062874038471","0.294154896884344",0.548539125193076,"BNIP2"
"CTNB1-S552","0.835996463515016","1.24163485491918","0.66235769699669",NA,0.913329671810295,"CTNB1"
"NEST-S768","0.209015558458236","1.37282493810221","1.01557063739552","0.295116891186678",0.723132006285661,"NEST"
"AMPD2-S168","0.783698125958125","0.919419503434857","-0.0285719178476869","0.440034880530599",0.528645148018974,"AMPD2"
"TPD54-S166","0.52117375847266","0.451112960178564",NA,"0.646152397014052",0.539479705221759,"TPD54"
"PEA15-S116","0.78340146004789","0.423002365119339","1.20009181434133","1.15751413324425",0.891002443188202,"PEA15"
"EPHA2-S897","3.08860201943572",NA,NA,NA,3.08860201943572,"EPHA2"
"VDAC1-S104","0.385045618068281","0.252543200757105","0.104045024039818","0.34622773891291",0.271965395444528,"VDAC1"
"PAK2-S141","0.663429620424185","-0.245592016516404","0.003976197844527","0.187986485468515",0.152450071805206,"PAK2"
"PECA1-S734","0.205524790899608",NA,NA,"0.101972569760161",0.153748680329885,"PECA1"
"CTND1-S268","0.331497336859835","-1.30143904143514","-1.63901351453148",NA,-0.869651739702262,"CTND1"
"MK14-T180","1.78340221886225",NA,NA,NA,1.78340221886225,"MK14"
"CI142-S148","0.705576184649136",NA,NA,"0.469458139558986",0.587517162104061,"CI142"
"PTRF-S167",NA,"0.822070335512661","1.44114373144355",NA,1.13160703347811,"PTRF"
"MAP4-S1073",NA,"-1.12374467583232","-0.891808329593929","-0.344591435072627",-0.786714813499625,"MAP4"
"PEA15-S104",NA,"0.862394909169121","1.91320004023089","0.984031312388744",1.25320875392958,"PEA15"
"VDAC1-S101",NA,"0.424014749910894","-0.10760697914764",NA,0.158203885381627,"VDAC1"
"CTND1-S349",NA,NA,"0.659088571794555",NA,0.659088571794555,"CTND1"
"AHNK-S2397",NA,NA,"3.16350493755737",NA,3.16350493755737,"AHNK"
"CD44-S706",NA,NA,"0.259892972244532","-0.583078535042672",-0.16159278139907,"CD44"
"RHG01-S51",NA,NA,"1.48346725880824",NA,1.48346725880824,"RHG01"
"CTND1-S230",NA,"-1.62976543772947",NA,NA,-1.62976543772947,"CTND1"
"CLCN7-S61",NA,"-0.931099597889921",NA,NA,-0.931099597889921,"CLCN7"
"NOS3-S1177",NA,NA,"0.612090070804232","0.528178216059069",0.57013414343165,"NOS3"
"ACVL1-S160",NA,NA,"0.478526770257395","0.625332480287987",0.551929625272691,"ACVL1"
"ITB4-S1474",NA,NA,"-1.416",NA,-1.416,"ITB4"
"ZYX-S143",NA,NA,"1.04584364850932",NA,1.04584364850932,"ZYX"
"NIBL1-S692",NA,NA,NA,"-0.559454552356253",-0.559454552356253,"NIBL1"
"COF1-S3",NA,NA,NA,"-0.138587974275212",-0.138587974275212,"COF1"
"ITB4-S1069",NA,NA,NA,"-0.92750126771712",-0.92750126771712,"ITB4"
"EPHA2-S892",NA,NA,NA,"-0.683919224549499",-0.683919224549499,"EPHA2"
"CTND1-S288",NA,NA,NA,"-0.628424111957796",-0.628424111957796,"CTND1"
