"ID","SILAC010","SILAC011","SILAC012","SILAC013","SILAC017","FC","Uniprot"
"EPHA2-S901","1.33769504266975","-0.0437722610870902","-0.780688231182136","-0.0545043611621705","-1.59287519464715",-0.226829001081759,"EPHA2"
"EPHA2-S892","-0.0947325934831584","0.730635253327149",NA,NA,NA,0.317951329921995,"EPHA2"
"KTN1-S75","-0.241958546666336","-0.247308084621135",NA,"0.105986993381274","-0.139464206696663",-0.130685961150715,"KTN1"
"STIM1-S257","2.7540991016752","1.28028527336162",NA,NA,NA,2.01719218751841,"STIM1"
"KI67-S308","1.70026512205446",NA,"0.824949146304311",NA,"0.365487515510134",0.963567261289635,"KI67"
"KPCA-S226","-0.340642821525743",NA,"1.11001205355861","1.11796283484259","0.214714251071559",0.525511579486754,"KPCA"
"RAF1-S259","0.695084882948783",NA,NA,NA,NA,0.695084882948783,"RAF1"
"HSPB1-S82","-0.41486740654747","-0.486968527813647","-0.504559063357911","-0.215006383711003",NA,-0.405350345357508,"HSPB1"
"LMNA-S22","-1.16082178394093","-1.12035479753978",NA,NA,"-0.556497023429496",-0.945891201636735,"LMNA"
"CTNB1-S552","-0.446576266274808","0.00236436071334933",NA,"0.242011314552178",NA,-0.0674001970030936,"CTNB1"
"ITPR3-S2670","-0.327931769776189","-0.0247195184892746","0.131154896884344","0.419426827170242",NA,0.0494826089472806,"ITPR3"
"FLNA-S2152","0.921327257412941","1.07481615506164","0.883503523749935","1.95831967919541",NA,1.20949165385498,"FLNA"
"CD44-S706","-1.50164453134715","-0.410775570388082",NA,"-0.119006734226672",NA,-0.677142278653968,"CD44"
"LMNA-S390","1.6128669162308",NA,"-0.0448586021614084",NA,"-0.257084446378045",0.436974622563782,"LMNA"
"PTRF-S167","0.812636428606577","0.762669080966863","1.09066891920106","0.980840254202972","0.0632660703959827",0.742016150674691,"PTRF"
"LMNA-S632","5.28557231159362",NA,"1.07372956845786","0.816838655767251",NA,2.39204684527291,"LMNA"
"STMN1-S16","0.466052724855147","2.31185535236249","2.04681332080151","3.01662009296189","1.96277173924945",1.9608226460461,"STMN1"
"MYPT1-S445","-1.13107444054688","-0.479815078415273","-0.315393929968162","-0.202061549576028","-0.0654251525812043",-0.43875403021751,"MYPT1"
"RHG35-S1176","-1.12373246520571",NA,NA,NA,NA,-1.12373246520571,"RHG35"
"PTRF-S300","1.11754682190604","1.11831779369823","2.2913135985261","2.39448047004001","1.29846184858312",1.6440241065507,"PTRF"
"PEA15-S116","-0.521814885881853","0.479508662365995","0.742372585134061","0.503491091958716","0.179956962524401",0.276702883220264,"PEA15"
"VINC-S721","-0.21466105902988","0.725643223983395","-0.297637459164005",NA,NA,0.0711149019298367,"VINC"
"NAA10-S182","-0.476811104473986",NA,NA,NA,NA,-0.476811104473986,"NAA10"
"PTRF-T302","0.814548549550354",NA,NA,NA,NA,0.814548549550354,"PTRF"
"HSPB1-S78","0.0902660703959828","-1.14757626627481","-0.879934281777462","-0.88677486119578",NA,-0.706004834713017,"HSPB1"
"STMN1-S25","-1.8878568993982","-0.601294233717712","-0.370013514531484","-0.192580496565143","-0.505997743967186",-0.711548577635944,"STMN1"
"DDX21-S121","0.375749232677945","0.379764202628828","0.32363030514344",NA,"0.340217153782466",0.35484022355817,"DDX21"
"RBM7-S136","-0.0369692633118478","-0.927148031818874","-0.849884384741782","-0.488752464406849",NA,-0.575688536069838,"RBM7"
"MPRIP-S993","-0.757099597889921","-1.16601351453148","0.156570637395517",NA,NA,-0.588847491675295,"MPRIP"
"PAK2-S141","-1.62684321193858","-0.217965594166206","-0.590088352974533",NA,NA,-0.811632386359773,"PAK2"
"TPD54-S166","0.161103180091024","0.391629854664475","0.634347102628759","0.671295376564653",NA,0.464593878487228,"TPD54"
"ARHG2-S174","0.497389698810864",NA,NA,NA,NA,0.497389698810864,"ARHG2"
"CBX3-S93","0.456339539168374","0.220327257412941","0.675070925763122","0.433668103798615",NA,0.446351456535763,"CBX3"
"F125A-S170","2.15809756107409","1.4487909977186","1.95228201817092","2.72268571061353",NA,2.07046407189429,"F125A"
"LMNA-S404","0.436610068742442",NA,NA,"0.423542935642474",NA,0.430076502192458,"LMNA"
"TLN1-S425","-1.0384251525812","-0.545917476681338",NA,NA,NA,-0.792171314631269,"TLN1"
"H4-S48","1.1261209529971",NA,NA,NA,NA,1.1261209529971,"H4"
"TLN1-S2040","3.11297381527333",NA,NA,NA,NA,3.11297381527333,"TLN1"
"PEA15-S104","-1.72341647163363","-0.429605100715145",NA,NA,NA,-1.07651078617439,"PEA15"
"RBM25-S677",NA,"-0.483152824915589",NA,NA,NA,-0.483152824915589,"RBM25"
"CLIP1/2-S348",NA,"1.83114357879187","1.13287778653872","1.51414548442338",NA,1.49272228325133,"CLIP1/2"
"EGFR-T693",NA,"-0.492587974275212","-0.156028903133903","0.124364724251774","0.29329925643657",-0.0577382241801927,"EGFR"
"AHNK-S511",NA,"-0.66751413711053","-0.534967431610619","-0.260294815161489","-0.573111939825723",-0.50897208092709,"AHNK"
"EGFR-S1166",NA,"1.65399471901243","1.9357164104394","2.03363185001446","2.9217912528639",2.13628355808255,"EGFR"
"EPHA2-Y772",NA,"-1.38608835297453",NA,"-1.04309959788992","-1.04827043154214",-1.15915279413553,"EPHA2"
"EPHA2-S897",NA,"-0.888363571393423","-0.823179503480229",NA,NA,-0.855771537436826,"EPHA2"
"FMNL-S184",NA,"1.35143777292296",NA,"2.31362096205571",NA,1.83252936748934,"FMNL"
"AHNK-S5830",NA,"0.659124223909071","1.03746602447109","1.2244244038653",NA,0.973671550748487,"AHNK"
"AHNK-S3426",NA,"-2.17065987938785","-2.50553876699596",NA,"-1.51737130059731",-2.06452331566037,"AHNK"
"ITPR3-S934",NA,"-0.11586740654747","1.10007267594671","-0.743893689053569","-0.0568222944069428",0.0458723214846821,"ITPR3"
"STIM1-S618",NA,"-0.675294815161489",NA,"0.452031492602169",NA,-0.11163166127966,"STIM1"
"RL28-S115",NA,"1.29046305836565","1.25910879910795","1.28789578602532",NA,1.27915588116631,"RL28"
"CD97-S831",NA,"0.822342394487331","1.37370154110151","0.491322772640463","0.573729448503548",0.815274039183213,"CD97"
"PAR2-S373",NA,"0.887489000645103","0.589768663108784",NA,NA,0.738628831876944,"PAR2"
"RHG35-S1179",NA,"-0.519006322579745",NA,NA,NA,-0.519006322579745,"RHG35"
"TPD54-T163",NA,"0.292663709722657","0.594768421593595","0.770732080459136",NA,0.552721403925129,"TPD54"
"MK14-Y182",NA,"-1.13402974015163","0.0699438695689907","-0.341786313242642",NA,-0.468624061275092,"MK14"
"STK10-S438",NA,"-0.899513458329801","-1.99784162544702","-0.921255085313402",NA,-1.27287005636341,"STK10"
"STMN1-S38",NA,"-0.481","-0.322489697992898","0.155591133496111","-0.560895990116083",-0.302198638653217,"STMN1"
"MP2K2-T394",NA,"-0.0816553668347102",NA,NA,NA,-0.0816553668347102,"MP2K2"
"FLNA-S1081",NA,"-0.539893689053568",NA,NA,NA,-0.539893689053568,"FLNA"
"ARHG2-S172",NA,"0.883012053558615","1.17098969730848",NA,NA,1.02700087543355,"ARHG2"
"HUWE1-T1905",NA,"-0.516046947099201",NA,"-0.543944250839036",NA,-0.529995598969119,"HUWE1"
"LMNA-S406",NA,"0.454082523318662",NA,NA,NA,0.454082523318662,"LMNA"
"AFAP1-T663",NA,"-0.876928676331139","-0.475858602161408","-0.592992432083826",NA,-0.648593236858791,"AFAP1"
"LMNA-S17",NA,"0.0610103555366092",NA,NA,NA,0.0610103555366092,"LMNA"
"FMNL-S624",NA,"-0.271858602161408",NA,NA,NA,-0.271858602161408,"FMNL"
"AKAP2-S748",NA,"-1.91540282414578",NA,"-1.8719129478837",NA,-1.89365788601474,"AKAP2"
"LIPB1-S466",NA,"0.780831658752137","0.620993638932967",NA,NA,0.700912648842552,"LIPB1"
"STMN1-S63",NA,"1.24757360255936","1.17893845042397","1.3765454561053",NA,1.26768583636288,"STMN1"
"KKCC2-S100",NA,"-0.443969269055033","-0.241393348524385","1.35192000781197",NA,0.222185796744184,"KKCC2"
"MK01-Y187",NA,"-1.09927891483547","-0.799183959362513","-0.705354797539784",NA,-0.867939223912588,"MK01"
"CYTSB-S131",NA,NA,"0.461454127115718","1.00163871687536","0.592444564589458",0.685179136193512,"CYTSB"
"SSFA2-S739",NA,"-0.48746261833154","-0.307232932263294","-1.15041580427809","-0.556038426466781",-0.625287445334926,"SSFA2"
"ITPR3-S916",NA,NA,"1.07368736417605","1.4012944823812","-0.0568222944069428",0.806053184050101,"ITPR3"
"FLNA-S1459",NA,NA,"0.380128557525041","0.978044332706021",NA,0.679086445115531,"FLNA"
"IQGA1-S1443",NA,"0.883022893081087","0.860416524478722","0.543706889104737",NA,0.762382102221515,"IQGA1"
"PININ-S100",NA,NA,"-1.0349089417538","-0.769689439291908",NA,-0.902299190522854,"PININ"
"CD44-S697",NA,NA,"0.912072675946706",NA,"-0.101249997153699",0.405411339396504,"CD44"
"AHNK-S2397",NA,"-0.587656432018252","-0.573340172146711","-1.41900310516154","0.458436896049098",-0.53039070331935,"AHNK"
"PAXI-S85",NA,NA,"-0.659662971369223",NA,NA,-0.659662971369223,"PAXI"
"DHCR7-S14",NA,NA,"0.967567788538409","0.873602720356044",NA,0.920585254447226,"DHCR7"
"FUND2-S151",NA,NA,"0.630402552983687","0.793174455866436",NA,0.711788504425061,"FUND2"
"PECA1-S734",NA,NA,"0.550053558967353",NA,NA,0.550053558967353,"PECA1"
"SRS11-S207",NA,NA,"-0.55275220170156","-0.535929257774916","-0.952605322246899",-0.680428927241125,"SRS11"
"LMNA-S414",NA,NA,"0.553786859587116",NA,NA,0.553786859587116,"LMNA"
"PALLD-S893",NA,NA,"-0.495966175609983","-0.643766999316952",NA,-0.569866587463468,"PALLD"
"VIME-Y53",NA,NA,"-1.20784078881336",NA,"-0.641278088718822",-0.924559438766091,"VIME"
"RAF1-T49",NA,NA,"0.337900402110079","0.347594082409175",NA,0.342747242259627,"RAF1"
"ANLN-S485",NA,NA,"-0.83700309344505","-0.822330919033137",NA,-0.829667006239094,"ANLN"
"COF1-S3",NA,NA,"0.434024103142275","-0.0177638143471524",NA,0.208130144397561,"COF1"
"AHNK-S210-S212-S216",NA,NA,"-1.20122385437488","-0.155267338097087",NA,-0.678245596235984,"AHNK"
"TPD52-S176",NA,NA,"2.39565766334522","2.27882849699744",NA,2.33724308017133,"TPD52"
"MYPT1-T696",NA,NA,"0.234912088677308",NA,NA,0.234912088677308,"MYPT1"
"LMNA-T19",NA,NA,"0.326495638837829",NA,NA,0.326495638837829,"LMNA"
"NPM-S260",NA,NA,"0.556230035515445","0.458063675777211",NA,0.507146855646328,"NPM"
"NUCL-T121",NA,NA,"0.534091058246197","0.520884812852185",NA,0.527487935549191,"NUCL"
"ARAP3-S1444",NA,NA,"1.77862245685189",NA,NA,1.77862245685189,"ARAP3"
"COF1-T25",NA,NA,"0.197838655767251",NA,NA,0.197838655767251,"COF1"
"LIMD2-S29",NA,NA,"-0.916074664436249","-0.68748837674627",NA,-0.80178152059126,"LIMD2"
"H14-S187",NA,NA,"0.708965275660243",NA,NA,0.708965275660243,"H14"
"MYPT1-S509",NA,NA,"-2.06582178394093","-2.23736841831198",NA,-2.15159510112646,"MYPT1"
"SL9A1-S693",NA,NA,NA,"0.338903122145131",NA,0.338903122145131,"SL9A1"
"FLNA-S966",NA,NA,NA,"-0.0121935563042062",NA,-0.0121935563042062,"FLNA"
"SVIL-S221",NA,NA,NA,"-0.817465163861321",NA,-0.817465163861321,"SVIL"
"ARHG2-S151",NA,NA,NA,"1.54091594182521",NA,1.54091594182521,"ARHG2"
"RAF1-S43",NA,NA,NA,"0.503491091958716",NA,0.503491091958716,"RAF1"
"BOK-S8",NA,NA,"-1.09619543298445",NA,"-0.501321256757713",-0.798758344871082,"BOK"
"STIM1-S519",NA,NA,NA,NA,"0.992087306074004",0.992087306074004,"STIM1"
"KTN1-T153",NA,NA,NA,NA,"-0.53199295250013",-0.53199295250013,"KTN1"
"GTR1-S226",NA,NA,NA,NA,"0.91459139877538",0.91459139877538,"GTR1"
"CTNB1-S675",NA,NA,NA,NA,"-0.0346920250415967",-0.0346920250415967,"CTNB1"
"ITB4-T1463",NA,NA,NA,NA,"-1.75597599697553",-1.75597599697553,"ITB4"
